object_type,object,columns,primary_keys,foreign_keys,rls_enabled,repository_references,classification,confidence
"production_only","public.account_activity_logs","9","1","","true","""api/settings.js;repositories/settings.repository.js;settings-2-prompt-summary.md;supabase/migrations/20260831000000_settings_privacy_2.sql""","UNKNOWN","LOW"
"production_only","public.account_deletion_requests","6","1","1","true","""IMPLEMENTATION-REPORT-SETTINGS-PRIVACY.md;api/account-settings.js;supabase/migrations/20260831_account_settings.sql;supabase/migrations/20260831_settings_rls_server_only.sql""","UNKNOWN","LOW"
"production_only","public.ad_activity_logs","6","1","2","true","""IMPLEMENTATION-REPORT-SETTINGS-PRIVACY.md;api/account-settings.js;api/settings.js;supabase/migrations/20260831_settings_rls_server_only.sql""","UNKNOWN","LOW"
"production_only","public.ad_postbacks","10","1","1","true","""""","UNKNOWN","MEDIUM"
"production_only","public.ad_reward_intents","10","1","2","true","""""","UNKNOWN","MEDIUM"
"production_only","public.daily_login_claims","5","2","1","true","""""","UNKNOWN","MEDIUM"
"production_only","public.daily_player_stats","9","2","1","true","""""","UNKNOWN","MEDIUM"
"production_only","public.data_exports","7","1","1","true","""IMPLEMENTATION-REPORT-SETTINGS-PRIVACY.md;api/account-settings.js;api/settings.js;supabase/migrations/20260831_account_settings.sql;supabase/migrations/20260831_settings_rls_server_only.sql""","UNKNOWN","LOW"
"production_only","public.data_usage_logs","7","1","1","true","""IMPLEMENTATION-REPORT-SETTINGS-PRIVACY.md;api/account-settings.js;api/settings.js;supabase/migrations/20260831_settings_rls_server_only.sql""","UNKNOWN","LOW"
"production_only","public.device_sessions","11","1","2","true","""IMPLEMENTATION-REPORT-SETTINGS-PRIVACY.md;api/account-settings.js;api/settings.js;supabase/migrations/20260831_settings_rls_server_only.sql""","UNKNOWN","LOW"
"production_only","public.gamequest_players","26","1","14","true","""""","UNKNOWN","MEDIUM"
"production_only","public.leaderboard_snapshots","5","2","1","true","""""","UNKNOWN","MEDIUM"
"production_only","public.link_history","6","1","1","true","""IMPLEMENTATION-REPORT-SETTINGS-PRIVACY.md;api/account-settings.js;api/settings.js;settings-2-prompt-summary.md;supabase/migrations/20260831_settings_rls_server_only.sql""","UNKNOWN","LOW"
"production_only","public.notification_settings","18","1","1","true","""IMPLEMENTATION-REPORT-SETTINGS-PRIVACY.md;api/account-settings.js;repositories/settings.repository.js;services/settings.service.js;supabase/migrations/20260831000000_settings_privacy_2.sql;supabase/migrations/20260831_account_settings.sql;supabase/migrations/20260831_settings_rls_server_only.sql""","UNKNOWN","LOW"
"production_only","public.player_guides","5","2","1","true","""""","UNKNOWN","MEDIUM"
"production_only","public.player_item_inventory","6","2","1","true","""""","UNKNOWN","MEDIUM"
"production_only","public.player_quests","9","1","2","true","""""","UNKNOWN","MEDIUM"
"production_only","public.player_reward_ledger","8","1","1","true","""""","UNKNOWN","MEDIUM"
"production_only","public.privacy_processing_requests","6","1","1","true","""IMPLEMENTATION-REPORT-SETTINGS-PRIVACY.md;supabase/migrations/20260831_settings_rls_server_only.sql""","UNKNOWN","LOW"
"production_only","public.privacy_settings","18","1","2","true","""IMPLEMENTATION-REPORT-SETTINGS-PRIVACY.md;api/account-settings.js;repositories/settings.repository.js;services/settings.service.js;settings-2-prompt-summary.md;supabase/migrations/20260831000000_settings_privacy_2.sql;supabase/migrations/20260831_account_settings.sql;supabase/migrations/20260831_settings_rls_server_only.sql""","UNKNOWN","LOW"
"production_only","public.promotion_preferences","9","1","","true","""api/settings.js;settings-2-prompt-summary.md;supabase/migrations/20260831000000_settings_privacy_2.sql""","UNKNOWN","LOW"
"production_only","public.qm_coin_ledger","9","1","1","true","""""","UNKNOWN","MEDIUM"
"production_only","public.qm_economy_config","5","1","","true","""""","UNKNOWN","MEDIUM"
"production_only","public.qm_player_inventory","4","2","2","true","""""","UNKNOWN","MEDIUM"
"production_only","public.qm_powerup_catalog","5","1","1","true","""""","UNKNOWN","MEDIUM"
"production_only","public.qm_question_answers","15","1","3","true","""""","UNKNOWN","MEDIUM"
"production_only","public.qm_question_sessions","13","1","2","true","""""","UNKNOWN","MEDIUM"
"production_only","public.qm_questions","14","1","1","true","""""","UNKNOWN","MEDIUM"
"production_only","public.quests","10","1","1","true","""""","UNKNOWN","MEDIUM"
"production_only","public.security_events","10","1","1","true","""IMPLEMENTATION-REPORT-SETTINGS-PRIVACY.md;api/account-settings.js;api/settings.js;supabase/migrations/20260831_account_settings.sql;supabase/migrations/20260831_settings_rls_server_only.sql""","UNKNOWN","LOW"
"production_only","public.telegram_star_entitlements","6","1","2","true","""""","UNKNOWN","MEDIUM"
"production_only","public.telegram_star_orders","11","1","2","true","""""","UNKNOWN","MEDIUM"
"production_only","public.time_management_limits","9","1","1","true","""IMPLEMENTATION-REPORT-SETTINGS-PRIVACY.md;api/account-settings.js;api/settings.js;supabase/migrations/20260831000000_settings_privacy_2.sql;supabase/migrations/20260831_settings_rls_server_only.sql""","UNKNOWN","LOW"
"production_only","public.user_blocks","5","1","2","true","""repositories/settings.repository.js;supabase/migrations/20260831000001_user_blocks.sql""","UNKNOWN","LOW"
"production_only","public.user_settings","15","1","2","true","""IMPLEMENTATION-REPORT-SETTINGS-PRIVACY.md;api/account-settings.js;repositories/settings.repository.js;supabase/migrations/20260831000000_settings_privacy_2.sql;supabase/migrations/20260831_account_settings.sql;supabase/migrations/20260831_settings_rls_server_only.sql""","UNKNOWN","LOW"
"production_only","public.verification_requests","9","1","3","true","""""","UNKNOWN","MEDIUM"
"manifest_only","public.feature_flags","","","","","""MIGRATION-NOTES.md;MONETIZATION.md;database/migrations/001_initial.sql;docs/database/SULTRAKITA-PRODUCTION-SCHEMA-COMPARISON.md;server.js""","INTENDED","MEDIUM"
"manifest_only","public.promo_campaigns","","","","","""api/promo.js;database/migrations/022_suki_promo_hub_p0.sql;docs/SUKI-PROMO-HUB-IMPLEMENTATION-PROMPT.md;docs/SUKI-PROMO-HUB-P0-AUDIT.md;test/promo-p0-contract.test.js""","INTENDED","MEDIUM"
"manifest_only","public.promo_channel_events","","","","","""api/promo.js;database/migrations/022_suki_promo_hub_p0.sql;docs/SUKI-PROMO-HUB-P0-AUDIT.md;test/promo-p0-contract.test.js""","INTENDED","MEDIUM"
"manifest_only","public.promo_channels","","","","","""api/promo.js;database/migrations/022_suki_promo_hub_p0.sql;docs/SUKI-PROMO-HUB-IMPLEMENTATION-PROMPT.md;docs/SUKI-PROMO-HUB-P0-AUDIT.md;test/promo-p0-contract.test.js""","INTENDED","MEDIUM"
"manifest_only","public.promo_events","","","","","""api/promo.js;database/migrations/022_suki_promo_hub_p0.sql;docs/SUKI-PROMO-HUB-IMPLEMENTATION-PROMPT.md;docs/SUKI-PROMO-HUB-P0-AUDIT.md;test/promo-p0-contract.test.js""","INTENDED","MEDIUM"
"manifest_only","public.promo_exports","","","","","""api/promo.js;database/migrations/022_suki_promo_hub_p0.sql;docs/SUKI-PROMO-HUB-P0-AUDIT.md;test/promo-p0-contract.test.js""","INTENDED","MEDIUM"
"manifest_only","public.promo_utm_links","","","","","""api/promo.js;database/migrations/022_suki_promo_hub_p0.sql;docs/SUKI-PROMO-HUB-IMPLEMENTATION-PROMPT.md;docs/SUKI-PROMO-HUB-P0-AUDIT.md;test/promo-p0-contract.test.js""","INTENDED","MEDIUM"
"manifest_only","public.schema_migrations","","","","","""UPGRADE-V6-REPORT.md;docs/database/SULTRAKITA-RECONSTRUCTED-SCHEMA-MANIFEST.md;docs/database/SULTRAKITA-STEP28-SCHEMA-EXPORT.md;docs/reports/SULTRAKITA-STEP29-DATABASE-AUTHORITY.md;scripts/export-schema-manifest.js;scripts/migrate-postgres.js""","INTENDED","HIGH"
